product_id,original_name,clean_name,E_code,Y_code,E_code2,S_code,EYES_code,summary,url
A000000120656,[4월 올영픽/NEW아이글리츠 단독증정] 투쿨포스쿨 프로타주 펜슬,투쿨포스쿨 프로타주 펜슬,N,S,P,U,NSPU,"이 제품은 자연스러운 효과를 주며, 번짐이 없고 사용이 간편하다는 평이 많습니다. 특히 애교살에 사용하기 좋다는 의견이 많습니다.",https://www.oliveyoung.co.kr/store/goods/getGoodsDetail.do?goodsNo=A000000120656&dispCatNo=1000001000200070002&t_page=카테고리관&t_click=아이라이너_전체__상품상세&t_number=1
A000000199182,[4월 올영픽] 투쿨포스쿨 스머징 트임 라이너,투쿨포스쿨 스머징 트임 라이너,D,S,B,T,DSBT,"이 제품은 발색이 진하고 번짐이 없으며, 브러쉬가 함께 있어 편리하게 사용할 수 있다는 평이 많습니다. 특히 눈꼬리 트임용으로 적합하다는 의견이 많습니다.",https://www.oliveyoung.co.kr/store/goods/getGoodsDetail.do?goodsNo=A000000199182&dispCatNo=1000001000200070002&t_page=카테고리관&t_click=아이라이너_전체__상품상세&t_number=3
A000000198343,[NO.1 아이라이너] 클리오 샤프 쏘 심플 워터프루프 펜슬라이너 단품/더블기획,클리오 샤프 쏘 심플 워터프루프 펜슬라이너,N,L,P,E,NLPE,이 제품은 자연스러운 발색과 오래 지속되는 성능에 대한 평이 많습니다.,https://www.oliveyoung.co.kr/store/goods/getGoodsDetail.do?goodsNo=A000000198343&dispCatNo=1000001000200070002&t_page=카테고리관&t_click=아이라이너_전체__상품상세&t_number=4
A000000162103,컬러그램 음영 창조 라이너 7 COLOR,컬러그램 음영 창조 라이너,N,E,P,F,NEPF,"이 제품은 자연스러운 효과를 주며, 사용이 간편하고 다양한 부위에 활용할 수 있다는 평이 많습니다. 지속력은 다소 아쉽지만 색상이 예쁘고 자연스러워 애교살이나 쌍꺼풀 라인 연장 등 여러 용도로 사용됩니다.",https://www.oliveyoung.co.kr/store/goods/getGoodsDetail.do?goodsNo=A000000162103&dispCatNo=1000001000200070002&t_page=카테고리관&t_click=아이라이너_전체__상품상세&t_number=5
A000000185046,[단독/멀티프라이머 증정] 투크 워터프루프 슬림 아이라이너 16colors (기획/단품),투크 워터프루프 슬림 아이라이너,N,C,P,U,NCPU,"이 제품은 자연스러운 색상과 피부에 순한 점이 강조된 평이 많습니다. 지속력은 좋지만, 발림성에 대한 의견이 갈리며, 특히 애교살이나 음영 메이크업에 적합하다는 평가가 있습니다.",https://www.oliveyoung.co.kr/store/goods/getGoodsDetail.do?goodsNo=A000000185046&dispCatNo=1000001000200070002&t_page=카테고리관&t_click=아이라이너_전체__상품상세&t_number=6
A000000136300,[4월 올영픽/1+1 기획] 웨이크메이크 철벽 펜 아이라이너 3 COLOR,웨이크메이크 철벽 펜 아이라이너,D,S,P,F,DSPF,"이 제품은 또렷하고 깔끔한 아이라인을 그릴 수 있으며 번짐이 없고 지속력이 뛰어나다는 평이 많습니다. 초보자도 쉽게 사용할 수 있는 펜슬 타입으로, 다양한 부위에 유연하게 사용할 수 있습니다.",https://www.oliveyoung.co.kr/store/goods/getGoodsDetail.do?goodsNo=A000000136300&dispCatNo=1000001000200070002&t_page=카테고리관&t_click=아이라이너_전체__상품상세&t_number=7
A000000159918,클리오 수퍼프루프 펜라이너,클리오 수퍼프루프 펜라이너,D,L,B,F,DLBF,"이 제품은 지속력이 좋고 번짐이 적다는 평이 많습니다. 부드러운 발림성과 얇은 붓 끝으로 섬세한 라인을 그리기 쉬우며, 자연스러우면서도 또렷한 눈매를 연출할 수 있어 데일리로 사용하기 좋다는 의견이 많습니다.",https://www.oliveyoung.co.kr/store/goods/getGoodsDetail.do?goodsNo=A000000159918&dispCatNo=1000001000200070002&t_page=카테고리관&t_click=아이라이너_전체__상품상세&t_number=9
A000000013932,우드버리 크리미젤슈퍼슬림,우드버리 크리미젤슈퍼슬림,N,S,P,T,NSPT,이 제품은 자연스럽고 번짐이 없다는 평이 많습니다.,https://www.oliveyoung.co.kr/store/goods/getGoodsDetail.do?goodsNo=A000000013932&dispCatNo=1000001000200070002&t_page=카테고리관&t_click=아이라이너_전체__상품상세&t_number=10
A000000163168,웨이크메이크 리얼 애쉬 펜슬 라이너 6 COLOR ,웨이크메이크 리얼 애쉬 펜슬 라이너,N,L,P,E,NLPE,"이 제품은 자연스러운 효과를 주며, 지속력이 길다는 평이 많습니다. 펜슬 타입으로 사용이 용이하며, 주로 눈꺼풀에 사용하기 좋다는 의견이 많습니다.",https://www.oliveyoung.co.kr/store/goods/getGoodsDetail.do?goodsNo=A000000163168&dispCatNo=1000001000200070002&t_page=카테고리관&t_click=아이라이너_전체__상품상세&t_number=11
A000000219657,[단독/1+1 기획] 릴리바이레드 나인투나인 서바이벌 펜라이너 내추럴 3종,릴리바이레드 나인투나인 서바이벌 펜라이너,N,L,B,F,NLBF,"이 제품은 자연스러운 색상과 발색이 좋다는 평이 많습니다. 사용하기에 약간의 연습이 필요하지만, 연한 색상 덕분에 수정이 용이하고 자연스러운 메이크업을 선호하는 사용자들에게 적합합니다. 유지력이 뛰어나며, 다양한 부위에 유연하게 사용할 수 있는 특징이 있습니다.",https://www.oliveyoung.co.kr/store/goods/getGoodsDetail.do?goodsNo=A000000219657&dispCatNo=1000001000200070002&t_page=카테고리관&t_click=아이라이너_전체__상품상세&t_number=12
A000000203439,[NEW뉴트럴] 키스미 히로인메이크 시크릿 음영 아이라이너 0.4ml (기획/단품),키스미 히로인메이크 시크릿 음영 아이라이너,N,S,P,U,NSPU,"이 제품은 자연스러운 효과를 주며, 번지지 않는다는 평이 많습니다. 펜슬 타입으로 사용이 간편하고, 주로 애교살이나 아이라인 음영을 주는 데 사용됩니다.",https://www.oliveyoung.co.kr/store/goods/getGoodsDetail.do?goodsNo=A000000203439&dispCatNo=1000001000200070002&t_page=카테고리관&t_click=아이라이너_전체__상품상세&t_number=13
A000000132161,코스노리 슈퍼프루프 피팅 비건 브러쉬 아이라이너 붓펜 4 colors,코스노리 슈퍼프루프 피팅 비건 브러쉬 아이라이너,N,L,B,F,NLBF,"이 제품은 자연스러운 효과와 함께 지속력이 좋다는 평이 많습니다. 사용하기 편리한 붓펜 타입이며, 다양한 부위에 유연하게 사용할 수 있습니다.",https://www.oliveyoung.co.kr/store/goods/getGoodsDetail.do?goodsNo=A000000132161&dispCatNo=1000001000200070002&t_page=카테고리관&t_click=아이라이너_전체__상품상세&t_number=14
A000000200343,[NEW컬러/모카브라운]메리몽드 슈퍼트임 펜 아이라이너 10 COLORS,메리몽드 슈퍼트임 펜 아이라이너,N,L,B,E,NLBE,이 제품은 자연스러운 발색과 지속력이 좋다는 평이 많습니다.,https://www.oliveyoung.co.kr/store/goods/getGoodsDetail.do?goodsNo=A000000200343&dispCatNo=1000001000200070002&t_page=카테고리관&t_click=아이라이너_전체__상품상세&t_number=15
A000000213110,[NEW/한국상륙] 러브 라이너 리퀴드 아이라이너 6컬러 (온라인 단독),러브 라이너,N,S,B,F,NSBF,"이 제품은 자연스러운 발색과 번짐이 거의 없는 점이 많은 사용자들에게 긍정적인 평가를 받고 있습니다. 붓펜슬 형식으로 얇고 쉽게 그려지며, 다양한 메이크업 스타일에 유용하게 사용할 수 있습니다.",https://www.oliveyoung.co.kr/store/goods/getGoodsDetail.do?goodsNo=A000000213110&dispCatNo=1000001000200070002&t_page=카테고리관&t_click=아이라이너_전체__상품상세&t_number=16
A000000185974,No.1 키스미 스무스 리퀴드 아이라이너 N (단품/기획),No.1 키스미 스무스 리퀴드 아이라이너,N,L,B,T,NLBT,"이 제품은 자연스러운 색상과 지속력이 좋다는 평이 많습니다. 붓펜 타입으로 사용이 편리하며, 꼬리나 앞트임 부분을 그리기에 적합하다는 의견이 주를 이룹니다. 번짐이 없고 발림성이 좋아 재구매 의사가 있다는 리뷰가 많습니다.",https://www.oliveyoung.co.kr/store/goods/getGoodsDetail.do?goodsNo=A000000185974&dispCatNo=1000001000200070002&t_page=카테고리관&t_click=아이라이너_전체__상품상세&t_number=17
A000000152650,에뛰드 애교살 메이커 3 colors,에뛰드 애교살 메이커,N,L,P,U,NLPU,"이 제품은 자연스럽고 지속력이 좋으며, 애교살에 사용하기 편리하다는 평이 많습니다.",https://www.oliveyoung.co.kr/store/goods/getGoodsDetail.do?goodsNo=A000000152650&dispCatNo=1000001000200070002&t_page=카테고리관&t_click=아이라이너_전체__상품상세&t_number=18
A000000171017,토니모리 백젤 아이라이너 3종,토니모리 백젤 아이라이너,P,L,G,E,PLGE,"이 제품은 얇고 정교하게 그리기 좋으며, 지속력이 좋다는 평이 많습니다.",https://www.oliveyoung.co.kr/store/goods/getGoodsDetail.do?goodsNo=A000000171017&dispCatNo=1000001000200070002&t_page=카테고리관&t_click=아이라이너_전체__상품상세&t_number=19
A000000188882,케이트 핏 레어 젤 펜슬N 6종,케이트 핏 레어 젤 펜슬N 6종,D,S,B,F,DSBF,이 제품은 지속력이 좋고 번지지 않는다는 평이 많습니다.,https://www.oliveyoung.co.kr/store/goods/getGoodsDetail.do?goodsNo=A000000188882&dispCatNo=1000001000200070002&t_page=카테고리관&t_click=아이라이너_전체__상품상세&t_number=20
A000000209313,[NEW/단독기획] 모브닝 듀얼 아이글램 컨실 펜슬 3colors (기획/단품) ,모브닝 듀얼 아이글램 컨실 펜슬 (,N,S,P,U,NSPU,이 제품은 자연스럽고 번짐이 없다는 평이 많습니다.,https://www.oliveyoung.co.kr/store/goods/getGoodsDetail.do?goodsNo=A000000209313&dispCatNo=1000001000200070002&t_page=카테고리관&t_click=아이라이너_전체__상품상세&t_number=21
A000000011412,[강력 워터프루프] 키스미 스무스 리퀴드 아이라이너 슈퍼 킵 ,키스미 스무스 리퀴드 아이라이너,D,S,B,T,DSBT,"이 제품은 번지지 않고 지속력이 좋으며, 얇고 섬세하게 그려진다는 평이 많습니다. 특히 붓펜 타입으로 눈꼬리를 그리기 좋다는 리뷰가 많습니다.",https://www.oliveyoung.co.kr/store/goods/getGoodsDetail.do?goodsNo=A000000011412&dispCatNo=1000001000200070002&t_page=카테고리관&t_click=아이라이너_전체__상품상세&t_number=22
A000000119523,머지 더 퍼스트 슬림 젤 아이라이너,머지 더 퍼스트 슬림 젤 아이라이너,N,S,P,F,NSPF,"이 제품은 자연스럽고 번짐이 적으며, 펜슬 타입으로 사용하기 편하다는 평이 많습니다.",https://www.oliveyoung.co.kr/store/goods/getGoodsDetail.do?goodsNo=A000000119523&dispCatNo=1000001000200070002&t_page=카테고리관&t_click=아이라이너_전체__상품상세&t_number=23
A000000164069,[1+1기획] 웨이크메이크 리얼 애쉬 브러쉬 아이라이너 3color ,웨이크메이크 리얼 애쉬 브러쉬 아이라이너,N,S,P,E,NSPE,이 제품은 자연스러운 효과를 주며 번짐이 없다는 평이 많습니다.,https://www.oliveyoung.co.kr/store/goods/getGoodsDetail.do?goodsNo=A000000164069&dispCatNo=1000001000200070002&t_page=카테고리관&t_click=아이라이너_전체__상품상세&t_number=24
A000000198851,[내추럴 음영] 릴리바이레드 나인투나인 서바이벌 펜라이너 내추럴 3종,릴리바이레드 나인투나인 서바이벌 펜라이너,N,L,B,E,NLBE,이 제품은 자연스러운 발색과 지속력이 좋다는 평이 많습니다.,https://www.oliveyoung.co.kr/store/goods/getGoodsDetail.do?goodsNo=A000000198851&dispCatNo=1000001000200070002&t_page=카테고리관&t_click=아이라이너_전체__상품상세&t_number=25
A000000204477,에뛰드 재창조 메이커 애교살 [웜/쿨/내추럴],에뛰드 재창조 메이커 애교살,N,L,P,E,NLPE,"이 제품은 자연스러운 효과와 지속력이 좋다는 평이 많습니다. 사용하기 쉬운 펜슬 타입으로, 주로 눈꺼풀에 사용하기 적합하다는 의견이 많습니다.",https://www.oliveyoung.co.kr/store/goods/getGoodsDetail.do?goodsNo=A000000204477&dispCatNo=1000001000200070002&t_page=카테고리관&t_click=아이라이너_전체__상품상세&t_number=26
A000000209310,[NEW] 하트퍼센트 도트 온 무드 컨투어 아이라이너 슬림 9colors,하트퍼센트 도트 온 무드 컨투어 아이라이너,N,S,P,U,NSPU,"이 제품은 자연스러운 효과를 주며 번짐이 없다는 평이 많습니다. 사용하기 편리한 펜슬 타입으로, 주로 애교살과 같은 눈 아래 부분에 사용하기 좋다는 의견이 많습니다.",https://www.oliveyoung.co.kr/store/goods/getGoodsDetail.do?goodsNo=A000000209310&dispCatNo=1000001000200070002&t_page=카테고리관&t_click=아이라이너_전체__상품상세&t_number=27
A000000143367,코스노리 슈퍼프루프 피팅 젤 아이라이너 펜슬 단품 11 colors,코스노리 슈퍼프루프 피팅 젤 아이라이너,N,S,P,U,NSPU,"이 제품은 자연스러운 효과를 주며, 번지지 않는다는 평이 많습니다. 펜슬 형식으로 사용이 편리하고, 특히 눈 밑 부분에 사용하기 좋다는 리뷰가 많습니다.",https://www.oliveyoung.co.kr/store/goods/getGoodsDetail.do?goodsNo=A000000143367&dispCatNo=1000001000200070002&t_page=카테고리관&t_click=아이라이너_전체__상품상세&t_number=28
A000000143337,투쿨포스쿨 픽싱 젤 라이너,투쿨포스쿨 픽싱 젤 라이너,N,L,P,F,NLPF,이 제품은 자연스러운 발색과 지속력이 좋다는 평이 많습니다.,https://www.oliveyoung.co.kr/store/goods/getGoodsDetail.do?goodsNo=A000000143337&dispCatNo=1000001000200070002&t_page=카테고리관&t_click=아이라이너_전체__상품상세&t_number=29
A000000190786,[4월올영픽] 페리페라 스피디 펜슬 라이너,페리페라 스피디 펜슬 라이너,N,S,P,U,NSPU,"이 제품은 자연스러운 발색과 번짐이 없는 점이 많은 평을 받고 있습니다. 사용하기 편리한 얇은 펜슬 타입으로, 특히 밑트임에 적합하다는 의견이 많습니다. 지속력은 다소 아쉽다는 리뷰가 있지만, 전반적으로 만족도가 높습니다.",https://www.oliveyoung.co.kr/store/goods/getGoodsDetail.do?goodsNo=A000000190786&dispCatNo=1000001000200070002&t_page=카테고리관&t_click=아이라이너_전체__상품상세&t_number=30
A000000007492,우드버리 파워업그레이드아이라이너펜슬,우드버리 파워업그레이드아이라이너,D,L,P,E,DLPE,"이 제품은 지속력이 좋고 번짐이 적으며 펜슬 타입이라 사용하기 쉽다는 평이 많습니다. 펄감이 있어 눈에 포인트를 주기 좋고, 주로 눈꺼풀에 사용하기 적합하다는 의견이 많습니다.",https://www.oliveyoung.co.kr/store/goods/getGoodsDetail.do?goodsNo=A000000007492&dispCatNo=1000001000200070002&t_page=카테고리관&t_click=아이라이너_전체__상품상세&t_number=31
A000000007493,우드버리 HD AQUA GEL 오토펜슬라이너,우드버리 HD AQUA GEL 오토펜슬라이너,N,L,P,E,NLPE,이 제품은 자연스러운 발림성과 지속력이 좋다는 평이 많습니다.,https://www.oliveyoung.co.kr/store/goods/getGoodsDetail.do?goodsNo=A000000007493&dispCatNo=1000001000200070002&t_page=카테고리관&t_click=아이라이너_전체__상품상세&t_number=32
A000000007496,우드버리 스테이24 아이라이너,우드버리 스테이24 아이라이너,N,L,G,E,NLGE,이 제품은 자연스러운 효과와 지속력이 좋다는 평이 많습니다.,https://www.oliveyoung.co.kr/store/goods/getGoodsDetail.do?goodsNo=A000000007496&dispCatNo=1000001000200070002&t_page=카테고리관&t_click=아이라이너_전체__상품상세&t_number=33
A000000011771,클리오 샤프 쏘 심플 워터프루프 펜 라이너,클리오 샤프 쏘 심플 워터프루프 펜 라이너,D,S,B,T,DSBT,"이 제품은 지속력과 번짐 방지에 대한 평이 많습니다. 사용하기 편리하며 꼬리 그리기에 적합한 붓펜 타입으로, 데일리로 사용하기 좋다는 의견이 많습니다.",https://www.oliveyoung.co.kr/store/goods/getGoodsDetail.do?goodsNo=A000000011771&dispCatNo=1000001000200070002&t_page=카테고리관&t_click=아이라이너_전체__상품상세&t_number=34
A000000012516,우드버리롱앤롱브러쉬라이너,우드버리롱앤롱브러쉬라이너,N,S,B,E,NSBE,이 제품은 자연스럽고 번지지 않는다는 평이 많습니다.,https://www.oliveyoung.co.kr/store/goods/getGoodsDetail.do?goodsNo=A000000012516&dispCatNo=1000001000200070002&t_page=카테고리관&t_click=아이라이너_전체__상품상세&t_number=35
A000000012827,데자뷰 래스팅파인 붓펜 리퀴드 라이너 ,데자뷰 래스팅파인 붓펜 리퀴드 라이너,D,S,P,E,DSPE,이 제품은 또렷한 발색과 번지지 않는 특성으로 많은 사랑을 받고 있습니다.,https://www.oliveyoung.co.kr/store/goods/getGoodsDetail.do?goodsNo=A000000012827&dispCatNo=1000001000200070002&t_page=카테고리관&t_click=아이라이너_전체__상품상세&t_number=36
A000000106137,[1.5mm 픽싱 젤펜슬] 키스미 히로인메이크 롱 스테이 샤프 젤 라이너,키스미 히로인메이크 롱 스테이 샤프 젤 라이너,D,S,P,F,DSPF,이 제품은 번짐이 없고 사용하기 편하다는 평이 많습니다.,https://www.oliveyoung.co.kr/store/goods/getGoodsDetail.do?goodsNo=A000000106137&dispCatNo=1000001000200070002&t_page=카테고리관&t_click=아이라이너_전체__상품상세&t_number=37
A000000106437,[트임라이너] 릴리바이레드 스태리아이즈 나인투나인 슬림 7종,릴리바이레드 스태리아이즈 나인투나인 슬림 7종,N,L,B,T,NLBT,이 제품은 자연스럽게 발색되며 뒷트임을 그리기에 좋다는 평이 많습니다. 지속력이 좋지만 번짐이 있을 수 있어 파우더 처리가 필요하다는 의견이 있습니다. 브러쉬를 사용하면 더 섬세하게 바를 수 있다는 리뷰도 있습니다.,https://www.oliveyoung.co.kr/store/goods/getGoodsDetail.do?goodsNo=A000000106437&dispCatNo=1000001000200070002&t_page=카테고리관&t_click=아이라이너_전체__상품상세&t_number=38
A000000106440,릴리바이레드 스태리아이즈 나인투나인 젤아이라이너 11종,릴리바이레드 스태리아이즈 나인투나인 젤아이라이너,N,S,G,F,NSGF,"이 제품은 부드럽게 발리며 자연스러운 효과를 주는 평이 많습니다. 지속력이 좋고 번짐이 적어 스머지프루프 효과가 뛰어나며, 젤 타입으로 사용이 편리합니다. 다양한 컬러와 마무리감으로 원하는 분위기에 맞게 사용할 수 있습니다.",https://www.oliveyoung.co.kr/store/goods/getGoodsDetail.do?goodsNo=A000000106440&dispCatNo=1000001000200070002&t_page=카테고리관&t_click=아이라이너_전체__상품상세&t_number=39
A000000107007,데자뷰 래스팅파인 오토펜슬,데자뷰 래스팅파인 오토펜슬,N,S,P,F,NSPF,이 제품은 자연스럽게 그려지고 번짐이 적다는 평이 많습니다.,https://www.oliveyoung.co.kr/store/goods/getGoodsDetail.do?goodsNo=A000000107007&dispCatNo=1000001000200070002&t_page=카테고리관&t_click=아이라이너_전체__상품상세&t_number=40
A000000107425,머지 더 퍼스트 젤 아이라이너,머지 더 퍼스트 젤 아이라이너,N,S,P,E,NSPE,이 제품은 자연스러운 효과와 번지지 않는다는 평이 많습니다.,https://www.oliveyoung.co.kr/store/goods/getGoodsDetail.do?goodsNo=A000000107425&dispCatNo=1000001000200070002&t_page=카테고리관&t_click=아이라이너_전체__상품상세&t_number=41
A000000107444,머지 더 퍼스트 펜 아이라이너 ,머지 더 퍼스트 펜 아이라이너,N,S,B,F,NSBF,"이 제품은 자연스러운 발색과 번짐이 적다는 평이 많습니다. 브러시 타입으로 초보자도 쉽게 사용할 수 있으며, 다양한 라인을 그릴 수 있는 유연성이 있습니다. 지속력이 좋고 데일리 메이크업에 적합하다는 의견이 많습니다.",https://www.oliveyoung.co.kr/store/goods/getGoodsDetail.do?goodsNo=A000000107444&dispCatNo=1000001000200070002&t_page=카테고리관&t_click=아이라이너_전체__상품상세&t_number=42
A000000112065,케이트 젤 C 리퀴드 아이라이너,케이트 젤 C 리퀴드 아이라이너,D,S,B,F,DSBF,이 제품은 발림성이 좋고 지속력이 뛰어나며 번지지 않는다는 평이 많습니다.,https://www.oliveyoung.co.kr/store/goods/getGoodsDetail.do?goodsNo=A000000112065&dispCatNo=1000001000200070002&t_page=카테고리관&t_click=아이라이너_전체__상품상세&t_number=43
A000000114508,데자뷰 래스팅파인 크림 펜슬 라이너,데자뷰 래스팅파인 크림 펜슬 라이너,N,S,P,F,NSPF,이 제품은 자연스러운 효과와 번짐이 적다는 평이 많습니다.,https://www.oliveyoung.co.kr/store/goods/getGoodsDetail.do?goodsNo=A000000114508&dispCatNo=1000001000200070002&t_page=카테고리관&t_click=아이라이너_전체__상품상세&t_number=44
A000000117283,릴리바이레드 나인투나인 서바이벌 펜라이너 3종,릴리바이레드 나인투나인 서바이벌 펜라이너,D,S,B,F,DSBF,이 제품은 섬세하게 그려지며 번짐 없이 잘 발린다는 평이 많습니다.,https://www.oliveyoung.co.kr/store/goods/getGoodsDetail.do?goodsNo=A000000117283&dispCatNo=1000001000200070002&t_page=카테고리관&t_click=아이라이너_전체__상품상세&t_number=45
A000000121668,케이트 핏 레어 젤 펜슬 더블세트,케이트 핏 레어 젤 펜슬 더블세트,P,S,P,F,PSPF,이 제품은 얇고 정교하게 그리기 좋으며 번짐이 적고 지속력이 뛰어나다는 평이 많습니다.,https://www.oliveyoung.co.kr/store/goods/getGoodsDetail.do?goodsNo=A000000121668&dispCatNo=1000001000200070002&t_page=카테고리관&t_click=아이라이너_전체__상품상세&t_number=46
A000000123921,바비브라운 롱웨어 워터프루프 라이너 (워터프루프 샤프 라이너),바비브라운 롱웨어 워터프루프 라이너,D,S,P,E,DSPE,이 제품은 또렷한 아이라인을 원하는 사용자들 사이에서 번짐이 없고 지속력이 좋다는 평이 많습니다.,https://www.oliveyoung.co.kr/store/goods/getGoodsDetail.do?goodsNo=A000000123921&dispCatNo=1000001000200070002&t_page=카테고리관&t_click=아이라이너_전체__상품상세&t_number=47
A000000124109,우드버리 엑스트라아시아 아이라이너 0.35g,우드버리 엑스트라아시아 아이라이너,N,S,P,F,NSPF,이 제품은 자연스럽고 번지지 않으며 사용하기 쉬운 아이라이너라는 평이 많습니다.,https://www.oliveyoung.co.kr/store/goods/getGoodsDetail.do?goodsNo=A000000124109&dispCatNo=1000001000200070002&t_page=카테고리관&t_click=아이라이너_전체__상품상세&t_number=48
A000000130012,[1+1기획] 웨이크메이크 철벽 브러쉬 아이라이너 3COLOR 1+1 기획 / 단품,웨이크메이크 철벽 브러쉬 아이라이너,N,S,B,E,NSBE,"이 제품은 자연스러운 발색과 얇게 그릴 수 있는 점이 많은 사용자들에게 호평을 받고 있습니다. 번짐이 적고 원하는 대로 잘 그려진다는 점에서 만족도가 높습니다. 브러쉬 팁을 사용하여 섬세하게 그릴 수 있으며, 주로 눈꺼풀에 사용하기 적합하다는 평가가 많습니다. 다만, 일부 사용자들은 번짐에 대한 불만을 제기하기도 합니다.",https://www.oliveyoung.co.kr/store/goods/getGoodsDetail.do?goodsNo=A000000130012&dispCatNo=1000001000200070002&t_page=카테고리관&t_click=아이라이너_전체__상품상세&t_number=49
A000000134324,에스쁘아 노머징 브러쉬 라이너 ,에스쁘아 노머징 브러쉬 라이너,D,L,P,F,DLPF,"이 제품은 지속력이 좋고 초보자도 사용하기 쉬우며, 다양한 부위에 유연하게 사용할 수 있다는 평이 많습니다.",https://www.oliveyoung.co.kr/store/goods/getGoodsDetail.do?goodsNo=A000000134324&dispCatNo=1000001000200070002&t_page=카테고리관&t_click=아이라이너_전체__상품상세&t_number=50
A000000136516,우드버리 HD아쿠아젤 오토아이라이너 다크브라운 ,우드버리 HD아쿠아젤 오토아이라이너,N,L,P,F,NLPF,이 제품은 자연스러운 발림성과 지속력이 좋다는 평이 많습니다.,https://www.oliveyoung.co.kr/store/goods/getGoodsDetail.do?goodsNo=A000000136516&dispCatNo=1000001000200070002&t_page=카테고리관&t_click=아이라이너_전체__상품상세&t_number=51
A000000139328,[단독기획] 머지 더 퍼스트 펜 아이라이너 더블 기획,머지 더 퍼스트 펜 아이라이너,N,S,B,F,NSBF,"이 제품은 번지지 않고 자연스러운 효과를 주며, 붓 타입으로 사용이 용이하다는 평이 많습니다.",https://www.oliveyoung.co.kr/store/goods/getGoodsDetail.do?goodsNo=A000000139328&dispCatNo=1000001000200070002&t_page=카테고리관&t_click=아이라이너_전체__상품상세&t_number=52
A000000140655,홀리카홀리카 테일래스팅브러쉬라이너EX,홀리카홀리카 테일래스팅브러쉬라이너,N,S,B,T,NSBT,이 제품은 자연스러운 발색과 번짐 없는 지속력에 대한 평이 많습니다.,https://www.oliveyoung.co.kr/store/goods/getGoodsDetail.do?goodsNo=A000000140655&dispCatNo=1000001000200070002&t_page=카테고리관&t_click=아이라이너_전체__상품상세&t_number=53
A000000150312,[NEW 쿨톤라이너] 키스미 히로인메이크 롱 스테이 스무스 젤 펜슬 라이너,키스미 히로인메이크 롱 스테이 스무스 젤 펜슬 라이너,N,L,P,F,NLPF,"이 제품은 자연스러운 발색과 함께 롱스테이 효과가 있으며, 사용이 간편하고 다양한 부위에 활용할 수 있다는 평이 많습니다.",https://www.oliveyoung.co.kr/store/goods/getGoodsDetail.do?goodsNo=A000000150312&dispCatNo=1000001000200070002&t_page=카테고리관&t_click=아이라이너_전체__상품상세&t_number=54
A000000151695,스틸라 스테이 올 데이 워터프루프 아이라이너,스틸라 스테이 올 데이 워터프루프 아이라이너,D,S,B,E,DSBE,이 제품은 번짐이 없고 지속력이 좋다는 평이 많습니다.,https://www.oliveyoung.co.kr/store/goods/getGoodsDetail.do?goodsNo=A000000151695&dispCatNo=1000001000200070002&t_page=카테고리관&t_click=아이라이너_전체__상품상세&t_number=55
A000000151696,스틸라 스테이 올 데이 듀얼 앤디드 워터프루프 리퀴드 아이라이너 ,스틸라 스테이 올 데이 듀얼 앤디드 워터프루프 리퀴드 아이라이너,D,L,B,T,DLBT,"이 제품은 선명한 라인을 그리기에 좋고, 지속력이 뛰어나며, 꼬리 부분에 사용하기 좋다는 평이 많습니다.",https://www.oliveyoung.co.kr/store/goods/getGoodsDetail.do?goodsNo=A000000151696&dispCatNo=1000001000200070002&t_page=카테고리관&t_click=아이라이너_전체__상품상세&t_number=56
A000000155251,코스노리 슈퍼프루프 피팅 비건 젤 아이라이너 펜슬 11 colors (단품/기획),코스노리 슈퍼프루프 피팅 비건 젤 아이라이너,N,S,P,U,NSPU,이 제품은 자연스럽고 번짐이 없다는 평이 많습니다.,https://www.oliveyoung.co.kr/store/goods/getGoodsDetail.do?goodsNo=A000000155251&dispCatNo=1000001000200070002&t_page=카테고리관&t_click=아이라이너_전체__상품상세&t_number=57
A000000157239,[NEW뮤트컬러/강력워터프루프] 키스미 프라임 리퀴드 아이라이너 리치 킵 (5color),키스미 프라임 리퀴드 아이라이너,D,L,B,E,DLBE,"이 제품은 지속력이 좋고 선명하게 그려진다는 평이 많습니다. 붓펜 타입으로 사용이 편리하며, 주로 눈꺼풀에 사용됩니다. 번짐이 적고 발색이 뛰어나며, 여러 사용자들이 재구매 의사를 표현하고 있습니다. 다만, 일부 사용자에게는 눈에 자극이 있을 수 있습니다.",https://www.oliveyoung.co.kr/store/goods/getGoodsDetail.do?goodsNo=A000000157239&dispCatNo=1000001000200070002&t_page=카테고리관&t_click=아이라이너_전체__상품상세&t_number=59
A000000158741,아워글래스 1.5MM 젤 라이너,아워글래스 1.5MM 젤 라이너,P,S,P,E,PSPE,이 제품은 얇고 정교하게 그려지며 번짐이 없다는 평이 많습니다.,https://www.oliveyoung.co.kr/store/goods/getGoodsDetail.do?goodsNo=A000000158741&dispCatNo=1000001000200070002&t_page=카테고리관&t_click=아이라이너_전체__상품상세&t_number=60
A000000159354,[미니리무버 증정기획] 클리오 수퍼프루프 브러쉬 라이너 기획,클리오 수퍼프루프 브러쉬 라이너,N,L,P,E,NLPE,이 제품은 자연스럽고 지속력이 좋다는 평이 많습니다.,https://www.oliveyoung.co.kr/store/goods/getGoodsDetail.do?goodsNo=A000000159354&dispCatNo=1000001000200070002&t_page=카테고리관&t_click=아이라이너_전체__상품상세&t_number=61
A000000160165,홀리카홀리카 홀리팝 쌍테라이너 (애교살/쌍꺼풀 라이너),홀리카홀리카 홀리팝 쌍테라이너,N,S,B,U,NSBU,"이 제품은 자연스러운 효과와 번지지 않는 특성에 대한 평이 많습니다. 리뷰에서 애교살과 언더라인에 사용하기 좋다는 언급이 많으며, 붓펜 타입으로 얇게 그려지는 점이 강조되고 있습니다. 지속력이 아쉽다는 의견도 있지만, 전반적으로 자연스러운 메이크업을 선호하는 사용자들에게 적합한 제품으로 보입니다.",https://www.oliveyoung.co.kr/store/goods/getGoodsDetail.do?goodsNo=A000000160165&dispCatNo=1000001000200070002&t_page=카테고리관&t_click=아이라이너_전체__상품상세&t_number=62
A000000160931,클리오 익스트림 젤프레소 펜슬라이너,클리오 익스트림 젤프레소 펜슬라이너,D,L,P,E,DLPE,"이 제품은 발림성과 발색력이 좋고 지속력이 뛰어나다는 평이 많습니다. 특히 번짐이 없고 오랜 시간 동안 메이크업을 유지할 수 있어 만족도가 높습니다. 다만, 꼬리를 그리기에는 두께가 아쉽다는 의견이 있습니다.",https://www.oliveyoung.co.kr/store/goods/getGoodsDetail.do?goodsNo=A000000160931&dispCatNo=1000001000200070002&t_page=카테고리관&t_click=아이라이너_전체__상품상세&t_number=63
A000000162668,삐아 네버 다이 브러쉬 아이라이너 2종,삐아 네버 다이 브러쉬 아이라이너,D,S,B,E,DSBE,"이 제품은 번짐이 없고 지속력이 뛰어나다는 평이 많습니다. 사용자들은 발림성과 발색력에 만족하며, 붓 타입의 사용이 편리하다고 언급하고 있습니다. 다만, 케이스의 견고성에 대한 아쉬움이 일부 리뷰에서 나타납니다.",https://www.oliveyoung.co.kr/store/goods/getGoodsDetail.do?goodsNo=A000000162668&dispCatNo=1000001000200070002&t_page=카테고리관&t_click=아이라이너_전체__상품상세&t_number=64
A000000163382,정샘물 아티스트 엣지 아이 펜슬,정샘물 아티스트 엣지 아이 펜슬,D,L,P,E,DLPE,"이 제품은 지속력이 좋고 눈매를 또렷하게 표현할 수 있는 펜슬 타입의 아이라이너로, 번짐이 적고 발림성이 부드럽다는 평이 많습니다. 다만, 눈꼬리 부분을 그릴 때는 주의가 필요하다는 의견도 있습니다.",https://www.oliveyoung.co.kr/store/goods/getGoodsDetail.do?goodsNo=A000000163382&dispCatNo=1000001000200070002&t_page=카테고리관&t_click=아이라이너_전체__상품상세&t_number=65
A000000167828,[1+1 한정기획] 키스미 히로인메이크 롱 스테이 스무스 젤 펜슬 아이라이너 ,키스미 히로인메이크 롱 스테이 스무스 젤 펜슬 아이라이너,N,L,P,F,NLPF,이 제품은 자연스러운 발색과 롱래스팅 효과에 대한 평이 많습니다.,https://www.oliveyoung.co.kr/store/goods/getGoodsDetail.do?goodsNo=A000000167828&dispCatNo=1000001000200070002&t_page=카테고리관&t_click=아이라이너_전체__상품상세&t_number=66
A000000168565,에뛰드 2X 쌩얼 라이너 2 colors,에뛰드 2X 쌩얼 라이너,N,S,P,E,NSPE,이 제품은 자연스러운 발색과 번짐 없는 지속력을 강조하는 평이 많습니다.,https://www.oliveyoung.co.kr/store/goods/getGoodsDetail.do?goodsNo=A000000168565&dispCatNo=1000001000200070002&t_page=카테고리관&t_click=아이라이너_전체__상품상세&t_number=67
A000000169758,삐아 라스트 파우더 펜슬 3종,삐아 라스트 파우더 펜슬 3종,D,S,P,U,DSPU,"이 제품은 발색이 예쁘고 정의된 라인을 그리기 좋다는 평이 많습니다. 다만, 번짐이 있어 스머지 프리 특성을 우선시하는 사용자에게 적합합니다. 펜슬 타입으로 사용되며, 주로 눈 밑 애교살에 사용하기 좋다는 의견이 많습니다.",https://www.oliveyoung.co.kr/store/goods/getGoodsDetail.do?goodsNo=A000000169758&dispCatNo=1000001000200070002&t_page=카테고리관&t_click=아이라이너_전체__상품상세&t_number=68
A000000172082,컬러그램 밀크 영롱 반짝라이너 2 COLOR,컬러그램 밀크 영롱 반짝라이너,D,S,P,U,DSPU,"이 제품은 발색이 잘 되고 반짝이는 효과가 있으며, 특히 밑트임 표현에 좋다는 평이 많습니다. 지속력은 다소 아쉽지만, 번지지 않는다는 점에서 긍정적인 평가를 받고 있습니다. 데일리로 사용하기에는 다소 화려할 수 있지만, 특별한 연출을 원할 때 적합합니다.",https://www.oliveyoung.co.kr/store/goods/getGoodsDetail.do?goodsNo=A000000172082&dispCatNo=1000001000200070002&t_page=카테고리관&t_click=아이라이너_전체__상품상세&t_number=69
A000000173794,씨스터앤 퍼펙트 엣지 브러쉬 펜 라이너 2종 택1,씨스터앤 퍼펙트 엣지 브러쉬 펜 라이너,N,S,B,F,NSBF,"이 제품은 자연스러운 발색과 번짐 없는 지속력에 대한 평이 많습니다. 붓 타입으로 사용이 편리하며, 다양한 부위에 유연하게 사용할 수 있습니다.",https://www.oliveyoung.co.kr/store/goods/getGoodsDetail.do?goodsNo=A000000173794&dispCatNo=1000001000200070002&t_page=카테고리관&t_click=아이라이너_전체__상품상세&t_number=70
A000000173799,씨스터앤 퍼펙트 슬림 아이펜슬 2종 택1,씨스터앤 퍼펙트 슬림 아이펜슬 2종 택1,N,S,P,T,NSPT,"이 제품은 자연스럽고 번짐 없이 지속되며, 얇은 펜슬로 꼬리를 그리기 쉽다는 평이 많습니다.",https://www.oliveyoung.co.kr/store/goods/getGoodsDetail.do?goodsNo=A000000173799&dispCatNo=1000001000200070002&t_page=카테고리관&t_click=아이라이너_전체__상품상세&t_number=71
A000000174300,[브러쉬증정] 키스미 히로인메이크 언더 아이 듀얼 펜슬 라이너 (애교살치트키),키스미 히로인메이크 언더 아이 듀얼 펜슬 라이너,N,S,P,U,NSPU,이 제품은 자연스럽고 번지지 않는다는 평이 많습니다.,https://www.oliveyoung.co.kr/store/goods/getGoodsDetail.do?goodsNo=A000000174300&dispCatNo=1000001000200070002&t_page=카테고리관&t_click=아이라이너_전체__상품상세&t_number=72
A000000174305,홀리카홀리카 멜로우 글라이딩 펜슬 라이너,홀리카홀리카 멜로우 글라이딩 펜슬 라이너,N,L,P,U,NLPU,"이 제품은 자연스러운 효과와 애교살에 사용하기 좋다는 평이 많습니다. 지속력이 좋고, 펜슬 타입으로 사용이 편리하다는 의견이 주를 이룹니다.",https://www.oliveyoung.co.kr/store/goods/getGoodsDetail.do?goodsNo=A000000174305&dispCatNo=1000001000200070002&t_page=카테고리관&t_click=아이라이너_전체__상품상세&t_number=73
A000000177756,[단독기획][NEW] 머지 더 퍼스트 슬림 젤 아이라이너 더블기획세트 ,머지 더 퍼스트 슬림 젤 아이라이너,D,L,B,T,DLBT,이 제품은 부드럽게 발리며 눈매를 또렷하게 만들어주는 평이 많습니다.,https://www.oliveyoung.co.kr/store/goods/getGoodsDetail.do?goodsNo=A000000177756&dispCatNo=1000001000200070002&t_page=카테고리관&t_click=아이라이너_전체__상품상세&t_number=74
A000000180428,[재유 공동개발] 노베브 언더 아이 컨실러 2colors (웜/쿨톤),노베브 언더 아이 컨실러 (웜,N,L,P,U,NLPU,이 제품은 자연스러운 발림과 지속력이 좋다는 평이 많습니다.,https://www.oliveyoung.co.kr/store/goods/getGoodsDetail.do?goodsNo=A000000180428&dispCatNo=1000001000200070002&t_page=카테고리관&t_click=아이라이너_전체__상품상세&t_number=75
A000000180429,[재유 공동개발] 노베브 언더 아이 마스터 10colors ,노베브 언더 아이 마스터,N,C,P,U,NCPU,"이 제품은 자연스러운 애교살 표현에 적합하다는 평이 많습니다. 리뷰에서 주로 언급되는 것은 자연스러운 효과와 애교살을 강조하는 데에 좋다는 점입니다. 지속력이나 발림성에 대한 아쉬움도 있지만, 자연스러운 표현을 원하는 사용자들에게는 만족스러운 제품으로 보입니다.",https://www.oliveyoung.co.kr/store/goods/getGoodsDetail.do?goodsNo=A000000180429&dispCatNo=1000001000200070002&t_page=카테고리관&t_click=아이라이너_전체__상품상세&t_number=76
A000000180431,[재유 공동개발/NEW 기획SET] 노베브 슬림 엣지 듀얼 아이라이너 7colors,노베브 슬림 엣지 듀얼 아이라이너,N,S,B,F,NSBF,이 제품은 자연스러운 발림성과 번짐이 적다는 평이 많습니다.,https://www.oliveyoung.co.kr/store/goods/getGoodsDetail.do?goodsNo=A000000180431&dispCatNo=1000001000200070002&t_page=카테고리관&t_click=아이라이너_전체__상품상세&t_number=77
A000000182622,홀리카홀리카 글리츠 아이라이너,홀리카홀리카 글리츠 아이라이너,D,L,B,U,DLBU,"이 제품은 색상이 진하고 지속력이 좋으며, 얇은 붓으로 정교하게 그릴 수 있다는 평이 많습니다. 특히 눈 밑 애굣살에 끼임이 없고, 도화 메이크업에 적합하다는 점에서 Defined 효과를 주는 것으로 보입니다. 리퀴드 제형이라 쉽게 바를 수 있는 장점이 있으며, 지속력이 좋다는 리뷰가 많아 Long-lasting으로 추정됩니다. 리뷰에서 붓으로 사용하기 좋다는 언급이 있어 Ease of Use는 Brush로 판단됩니다. Spot은 애교살과 눈 밑에 사용하기 좋다는 점에서 Under로 추정됩니다.",https://www.oliveyoung.co.kr/store/goods/getGoodsDetail.do?goodsNo=A000000182622&dispCatNo=1000001000200070002&t_page=카테고리관&t_click=아이라이너_전체__상품상세&t_number=78
A000000185374,바닐라코 스머지 아웃 디테일 라이너,바닐라코 스머지 아웃 디테일 라이너,D,L,B,F,DLBF,"이 제품은 또렷하고 잘 번지지 않으며, 지속력이 좋다는 평이 많습니다. 초보자도 사용하기 쉬운 부드러운 텍스처와 얇게 그려지는 붓펜 타입으로, 다양한 부위에 유연하게 사용할 수 있습니다.",https://www.oliveyoung.co.kr/store/goods/getGoodsDetail.do?goodsNo=A000000185374&dispCatNo=1000001000200070002&t_page=카테고리관&t_click=아이라이너_전체__상품상세&t_number=79
A000000185427,[NEW] 코링코 샤밤샤밤 로맨틱 글리터 6colors,코링코 샤밤샤밤 로맨틱 글리터,N,S,B,E,NSBE,이 제품은 자연스러우면서도 번짐이 없다는 평이 많습니다.,https://www.oliveyoung.co.kr/store/goods/getGoodsDetail.do?goodsNo=A000000185427&dispCatNo=1000001000200070002&t_page=카테고리관&t_click=아이라이너_전체__상품상세&t_number=80
A000000187353,프로에잇 딥 포커스 펜 아이라이너 4colors,프로에잇 딥 포커스 펜 아이라이너,N,S,P,E,NSPE,이 제품은 자연스러운 발색과 번짐 없는 지속력에 대한 평이 많습니다.,https://www.oliveyoung.co.kr/store/goods/getGoodsDetail.do?goodsNo=A000000187353&dispCatNo=1000001000200070002&t_page=카테고리관&t_click=아이라이너_전체__상품상세&t_number=81
A000000188046,3CE 소프트 뮤트 펜슬 라이너,3CE 소프트 뮤트 펜슬 라이너,N,S,P,E,NSPE,이 제품은 자연스러운 발색과 번짐이 적다는 평이 많습니다.,https://www.oliveyoung.co.kr/store/goods/getGoodsDetail.do?goodsNo=A000000188046&dispCatNo=1000001000200070002&t_page=카테고리관&t_click=아이라이너_전체__상품상세&t_number=82
A000000188078,[애교살 꿀템] 피치베리 베리섀도우 5colors ,피치베리 베리섀도우,D,L,P,E,DLPE,"이 제품은 선명하고 부드럽게 발색되며, 지속력이 오래 간다는 평이 많습니다.",https://www.oliveyoung.co.kr/store/goods/getGoodsDetail.do?goodsNo=A000000188078&dispCatNo=1000001000200070002&t_page=카테고리관&t_click=아이라이너_전체__상품상세&t_number=83
A000000188287,지베르니 밀착 펜 라이너 3color,지베르니 밀착 펜 라이너,N,S,B,E,NSBE,이 제품은 자연스러운 효과와 번짐 없는 특성이 많다는 평이 많습니다.,https://www.oliveyoung.co.kr/store/goods/getGoodsDetail.do?goodsNo=A000000188287&dispCatNo=1000001000200070002&t_page=카테고리관&t_click=아이라이너_전체__상품상세&t_number=84
A000000188299,지베르니 밀착 브러쉬 라이너 3color,지베르니 밀착 브러쉬 라이너,N,S,B,T,NSBT,이 제품은 자연스러운 발색과 번지지 않는다는 평이 많습니다.,https://www.oliveyoung.co.kr/store/goods/getGoodsDetail.do?goodsNo=A000000188299&dispCatNo=1000001000200070002&t_page=카테고리관&t_click=아이라이너_전체__상품상세&t_number=85
A000000189172,에뛰드 라인 픽스 브러쉬 라이너 1+1기획 (블랙/브라운),에뛰드 라인 픽스 브러쉬 라이너,N,L,B,F,NLBF,"이 제품은 자연스럽고 지속력이 좋으며, 붓펜 타입으로 다양한 부위에 사용하기 좋다는 평이 많습니다.",https://www.oliveyoung.co.kr/store/goods/getGoodsDetail.do?goodsNo=A000000189172&dispCatNo=1000001000200070002&t_page=카테고리관&t_click=아이라이너_전체__상품상세&t_number=86
A000000191778,어반디케이 24/7 잉크 아이라이너 택1,어반디케이 24,D,S,P,F,DSPF,이 제품은 번지지 않고 그립감이 편하다는 평이 많습니다.,https://www.oliveyoung.co.kr/store/goods/getGoodsDetail.do?goodsNo=A000000191778&dispCatNo=1000001000200070002&t_page=카테고리관&t_click=아이라이너_전체__상품상세&t_number=89
A000000200364,[애교살필러/라이너] 스틸라 스테이 올데이 아티스틱 그래픽 라이너,스틸라 스테이 올데이 아티스틱 그래픽 라이너,N,L,P,U,NLPU,이 제품은 지속력이 좋고 애교살에 사용하기 적합하다는 평이 많습니다.,https://www.oliveyoung.co.kr/store/goods/getGoodsDetail.do?goodsNo=A000000200364&dispCatNo=1000001000200070002&t_page=카테고리관&t_click=아이라이너_전체__상품상세&t_number=90
A000000201081,[NEW기획] 투크 피스 오브 케이크 펜 글리터 4종 택1 (기획/단품),투크 피스 오브 케이크 펜 글리터 4종 택1 (,N,L,P,U,NLPU,이 제품은 자연스러운 발색과 긴 지속력에 대한 평이 많습니다.,https://www.oliveyoung.co.kr/store/goods/getGoodsDetail.do?goodsNo=A000000201081&dispCatNo=1000001000200070002&t_page=카테고리관&t_click=아이라이너_전체__상품상세&t_number=91
A000000203438,[1+1기획] 키스미 히로인메이크 스무스 리퀴드 아이라이너 슈퍼 킵 더블기획(온라인단독),키스미 히로인메이크 스무스 리퀴드 아이라이너,D,S,B,T,DSBT,"이 제품은 번지지 않고 지속력이 좋으며, 얇고 섬세하게 그릴 수 있다는 평이 많습니다. 특히 붓펜 타입으로 눈꼬리를 그리기 좋다는 점이 강조되고 있습니다.",https://www.oliveyoung.co.kr/store/goods/getGoodsDetail.do?goodsNo=A000000203438&dispCatNo=1000001000200070002&t_page=카테고리관&t_click=아이라이너_전체__상품상세&t_number=92
A000000203674,헤라 이지 스타일링 아이라이너 블랙,헤라 이지 스타일링 아이라이너,D,L,P,E,DLPE,이 제품은 세밀하게 잘 그려지고 지속력이 좋다는 평이 많습니다.,https://www.oliveyoung.co.kr/store/goods/getGoodsDetail.do?goodsNo=A000000203674&dispCatNo=1000001000200070002&t_page=카테고리관&t_click=아이라이너_전체__상품상세&t_number=93
A000000203679,헤라 아이 디자이너 펜슬 블랙,헤라 아이 디자이너 펜슬 블랙,N,S,P,F,NSPF,이 제품은 자연스러운 발림성과 번짐 없는 특성이 많다는 평이 많습니다.,https://www.oliveyoung.co.kr/store/goods/getGoodsDetail.do?goodsNo=A000000203679&dispCatNo=1000001000200070002&t_page=카테고리관&t_click=아이라이너_전체__상품상세&t_number=94
A000000203782,[NEW] 피치베리 베리크림섀도우 3colors,피치베리 베리크림섀도우,N,C,P,U,NCPU,이 제품은 자연스러운 발림성과 눈 밑 애교살에 사용하기 좋다는 평이 많습니다.,https://www.oliveyoung.co.kr/store/goods/getGoodsDetail.do?goodsNo=A000000203782&dispCatNo=1000001000200070002&t_page=카테고리관&t_click=아이라이너_전체__상품상세&t_number=95
A000000205130,써랏 오토그라피크 라이너,써랏 오토그라피크 라이너,P,L,P,E,PLPE,이 제품은 얇고 진하게 그려지며 데일리로 사용하기 좋다는 평이 많습니다.,https://www.oliveyoung.co.kr/store/goods/getGoodsDetail.do?goodsNo=A000000205130&dispCatNo=1000001000200070002&t_page=카테고리관&t_click=아이라이너_전체__상품상세&t_number=96
A000000205717,[NEW] 파이브바이브 소프트 하드 메이크업 펜슬 ,파이브바이브 소프트 하드 메이크업 펜슬,N,S,P,F,NSPF,"이 제품은 자연스러운 효과를 주며, 번짐이 없는 펜슬 타입으로 다양한 부위에 유용하게 사용할 수 있다는 평이 많습니다.",https://www.oliveyoung.co.kr/store/goods/getGoodsDetail.do?goodsNo=A000000205717&dispCatNo=1000001000200070002&t_page=카테고리관&t_click=아이라이너_전체__상품상세&t_number=97
A000000205749,[1+1기획] 삐아 페이크래쉬 라스트 펜 아이라이너 슬림 3color (1+1기획/단품),삐아 페이크래쉬 라스트 펜 아이라이너,N,S,P,F,NSPF,"이 제품은 자연스러운 효과를 주며, 번지지 않는다는 평이 많습니다. 사용이 간편한 펜슬 타입으로, 다양한 부위에 유연하게 사용할 수 있습니다.",https://www.oliveyoung.co.kr/store/goods/getGoodsDetail.do?goodsNo=A000000205749&dispCatNo=1000001000200070002&t_page=카테고리관&t_click=아이라이너_전체__상품상세&t_number=98
A000000206580,[NEW/단독기획] 케이트 슈퍼 샤프 라이너 EX 4.0 (기획/단품),케이트 슈퍼 샤프 라이너,N,L,B,F,NLBF,이 제품은 자연스러운 효과와 긴 지속력을 강조하는 평이 많습니다. 사용이 용이하며 다양한 부위에 유연하게 사용할 수 있는 것으로 보입니다.,https://www.oliveyoung.co.kr/store/goods/getGoodsDetail.do?goodsNo=A000000206580&dispCatNo=1000001000200070002&t_page=카테고리관&t_click=아이라이너_전체__상품상세&t_number=99
A000000206583,케이트 슈퍼 샤프 라이너 EX 4.0 리필 7종,케이트 슈퍼 샤프 라이너,D,S,P,F,DSPF,"이 제품은 번지지 않고 지속력이 뛰어나며, 사용하기 편리하다는 평이 많습니다.",https://www.oliveyoung.co.kr/store/goods/getGoodsDetail.do?goodsNo=A000000206583&dispCatNo=1000001000200070002&t_page=카테고리관&t_click=아이라이너_전체__상품상세&t_number=100
A000000207252,메리쏘드 릴엣지 슈퍼슬림 펜라이너 2종,메리쏘드 릴엣지 슈퍼슬림 펜라이너,N,L,P,F,NLPF,이 제품은 자연스러운 효과와 무난한 지속력에 대한 평이 많습니다.,https://www.oliveyoung.co.kr/store/goods/getGoodsDetail.do?goodsNo=A000000207252&dispCatNo=1000001000200070002&t_page=카테고리관&t_click=아이라이너_전체__상품상세&t_number=101
A000000207884,세잔느 드로잉 더블 아이라이너 3colors (애교살라이너),세잔느 드로잉 더블 아이라이너,N,L,P,F,NLPF,"이 제품은 자연스러운 색감과 다양한 부위에 활용할 수 있다는 평이 많습니다. 지속력이 좋고, 특히 자연스러운 메이크업을 선호하는 사용자들에게 적합합니다. 여러 리뷰에서 이 제품이 아이라이너로는 연한 편이지만, 애교살이나 눈 밑 트임 등 다양한 용도로 사용하기 좋다고 언급하고 있습니다.",https://www.oliveyoung.co.kr/store/goods/getGoodsDetail.do?goodsNo=A000000207884&dispCatNo=1000001000200070002&t_page=카테고리관&t_click=아이라이너_전체__상품상세&t_number=102
A000000207885,세잔느 드로잉 포인트 젤 아이라이너,세잔느 드로잉 포인트 젤 아이라이너,N,L,P,U,NLPU,"이 제품은 자연스러운 발림성과 지속력이 좋다는 평이 많습니다. 펜슬 형식으로 사용하기 편리하며, 언더라인과 삼각존에 사용하기 적합하다는 리뷰가 주를 이루고 있습니다. 부드럽게 발리며 자연스러운 색상과 반짝임이 특징입니다.",https://www.oliveyoung.co.kr/store/goods/getGoodsDetail.do?goodsNo=A000000207885&dispCatNo=1000001000200070002&t_page=카테고리관&t_click=아이라이너_전체__상품상세&t_number=103
A000000208845,[NEW 출시] 키치캐치 페스티브 아이라이너 6종 중 택1,키치캐치 페스티브 아이라이너,N,S,P,E,NSPE,이 제품은 자연스러운 효과와 번지지 않는 성능에 대한 평이 많습니다.,https://www.oliveyoung.co.kr/store/goods/getGoodsDetail.do?goodsNo=A000000208845&dispCatNo=1000001000200070002&t_page=카테고리관&t_click=아이라이너_전체__상품상세&t_number=104
A000000209395,[1+1교차] 컬러그램 스케치 조각 펜슬 7 COLOR,컬러그램 스케치 조각 펜슬,N,C,P,U,NCPU,"이 제품은 자연스러운 효과를 주며, 애교살과 같은 눈 밑 부분에 사용하기 적합하다는 평이 많습니다. 다만, 제품이 잘 부러지거나 발림이 어려운 경우가 있어 사용 시 주의가 필요합니다.",https://www.oliveyoung.co.kr/store/goods/getGoodsDetail.do?goodsNo=A000000209395&dispCatNo=1000001000200070002&t_page=카테고리관&t_click=아이라이너_전체__상품상세&t_number=105
A000000209821,클리오 수퍼프루프 브러쉬라이너 킬애쉬 ,클리오 수퍼프루프 브러쉬라이너,N,S,P,F,NSPF,이 제품은 자연스러운 발색과 번짐 없는 특성에 대한 평이 많습니다.,https://www.oliveyoung.co.kr/store/goods/getGoodsDetail.do?goodsNo=A000000209821&dispCatNo=1000001000200070002&t_page=카테고리관&t_click=아이라이너_전체__상품상세&t_number=106
A000000209903,[NEW] 메리몽드 베러트임 글리터 펜 아이라이너 4종,메리몽드 베러트임 글리터 펜 아이라이너,N,L,B,E,NLBE,이 제품은 자연스러운 발색과 긴 지속력에 대한 평이 많습니다.,https://www.oliveyoung.co.kr/store/goods/getGoodsDetail.do?goodsNo=A000000209903&dispCatNo=1000001000200070002&t_page=카테고리관&t_click=아이라이너_전체__상품상세&t_number=107
A000000210555,[신규컬러/애교살라이너] 키스미 히로인메이크 프라임 리퀴드 아이라이너 리치 쥬얼 3 colors(온라인 단독),키스미 히로인메이크 프라임 리퀴드 아이라이너,N,L,B,E,NLBE,"이 제품은 자연스러운 펄감과 긴 지속력이 있다는 평이 많습니다. 리뷰에서 제품이 자연스럽게 발리며, 지속력이 뛰어나고, 특히 애교살과 눈 앞머리에 사용하기 좋다는 의견이 많습니다. 또한, 부드럽게 발리며 눈가에 자극이 없고, 브러시 타입으로 사용이 편리하다는 점이 강조되었습니다.",https://www.oliveyoung.co.kr/store/goods/getGoodsDetail.do?goodsNo=A000000210555&dispCatNo=1000001000200070002&t_page=카테고리관&t_click=아이라이너_전체__상품상세&t_number=108
A000000212428,[NEW] 케이트 래스팅 젤 아이라이너Z 2종,케이트 래스팅 젤 아이라이너,D,S,G,E,DSGE,"이 제품은 발색력이 좋고 또렷하게 그려지며, 브러쉬와의 조합이 좋다는 평이 많습니다. 지속력이 좋지만 번짐이 있다는 의견도 있어, 번짐 방지가 중요한 사용자에게 적합할 수 있습니다. 젤 타입으로 깔끔하게 그려지며, 자연스럽게 확장되는 효과가 있습니다.",https://www.oliveyoung.co.kr/store/goods/getGoodsDetail.do?goodsNo=A000000212428&dispCatNo=1000001000200070002&t_page=카테고리관&t_click=아이라이너_전체__상품상세&t_number=109
A000000213074,[4월 올영픽] 투쿨포스쿨 아이 글리츠,투쿨포스쿨 아이 글리츠,D,S,B,E,DSBE,"이 제품은 색상이 예쁘고 반짝임이 뛰어나며, 눈꺼풀에 사용하기 좋다는 평이 많습니다. 지속력에 대한 긍정적인 의견도 있지만, 번짐이 있다는 리뷰도 있어요. 사용이 간편하다는 의견이 많아 브러시 타입으로 추정됩니다.",https://www.oliveyoung.co.kr/store/goods/getGoodsDetail.do?goodsNo=A000000213074&dispCatNo=1000001000200070002&t_page=카테고리관&t_click=아이라이너_전체__상품상세&t_number=110
A000000213100,더페이스샵 잉크그라피 브러쉬펜 라이너 0.6g 2colors,더페이스샵 잉크그라피 브러쉬펜 라이너,D,E,B,F,DEBF,"이 제품은 얇고 정교하게 그려지며 자연스럽고 부드러운 분위기를 연출할 수 있다는 평이 많습니다. 또한, 쉽게 지워진다는 점에서 사용이 편리하다는 의견이 있습니다.",https://www.oliveyoung.co.kr/store/goods/getGoodsDetail.do?goodsNo=A000000213100&dispCatNo=1000001000200070002&t_page=카테고리관&t_click=아이라이너_전체__상품상세&t_number=111
A000000213103,더페이스샵 아이라이즈 음영라이너 0.12g 4colors,더페이스샵 아이라이즈 음영라이너,D,S,P,T,DSPT,"이 제품은 발림성이 좋고 번지지 않는다는 평이 많습니다. 특히, 펜슬 타입으로 꼬리 부분을 블렌딩하기에 적합하다는 점이 강조되었습니다.",https://www.oliveyoung.co.kr/store/goods/getGoodsDetail.do?goodsNo=A000000213103&dispCatNo=1000001000200070002&t_page=카테고리관&t_click=아이라이너_전체__상품상세&t_number=112
A000000213309,코랄헤이즈 아이돌 애교살 메이커 5colors,코랄헤이즈 아이돌 애교살 메이커,N,L,P,E,NLPE,이 제품은 자연스러운 효과와 오래 지속되는 특성에 대한 평이 많습니다.,https://www.oliveyoung.co.kr/store/goods/getGoodsDetail.do?goodsNo=A000000213309&dispCatNo=1000001000200070002&t_page=카테고리관&t_click=아이라이너_전체__상품상세&t_number=113
A000000215624,[NEW/애교살글리터&섀도우] 세잔느 글로우 리퀴드 라이너 2colors ,세잔느 글로우 리퀴드 라이너,N,L,B,U,NLBU,"이 제품은 자연스러운 발색과 긴 지속력이 특징이며, 주로 애교살에 사용하기 좋다는 평이 많습니다.",https://www.oliveyoung.co.kr/store/goods/getGoodsDetail.do?goodsNo=A000000215624&dispCatNo=1000001000200070002&t_page=카테고리관&t_click=아이라이너_전체__상품상세&t_number=115
A000000216226,프로에잇 리퀴드 디파인 라이너 2colors,프로에잇 리퀴드 디파인 라이너,D,S,B,E,DSBE,이 제품은 번짐이 적고 지속력이 좋다는 평이 많습니다. 다만 지우기가 어렵고 붓 끝이 뭉툭하여 사용이 까다롭다는 의견도 있습니다.,https://www.oliveyoung.co.kr/store/goods/getGoodsDetail.do?goodsNo=A000000216226&dispCatNo=1000001000200070002&t_page=카테고리관&t_click=아이라이너_전체__상품상세&t_number=116
A000000216581,[NEW컬러추가 / ALL NEW]씨스터앤 더블이펙트 워터프루프 아이펜슬(15종 택 1),씨스터앤 더블이펙트 워터프루프 아이펜슬(15종 택 1),D,S,P,T,DSPT,"이 제품은 지속력이 좋고 번짐이 적으며, 펜슬 타입으로 사용이 간편하다는 평이 많습니다. 특히 눈꼬리 부분을 또렷하게 유지하는 데 효과적입니다.",https://www.oliveyoung.co.kr/store/goods/getGoodsDetail.do?goodsNo=A000000216581&dispCatNo=1000001000200070002&t_page=카테고리관&t_click=아이라이너_전체__상품상세&t_number=117
A000000219135,[NEW/거울증정] 3CE 마이링 아이라이너 5colors,3CE 마이링 아이라이너,N,L,B,T,NLBT,"이 제품은 자연스러운 효과를 주며, 지속력이 부족하다는 평이 많습니다. 붓펜 타입으로 꼬리 부분에 사용하기 적합하다는 의견이 있습니다.",https://www.oliveyoung.co.kr/store/goods/getGoodsDetail.do?goodsNo=A000000219135&dispCatNo=1000001000200070002&t_page=카테고리관&t_click=아이라이너_전체__상품상세&t_number=119
B000000146423,캐트리스 잇츠 이지 라이너 ,캐트리스 잇츠 이지 라이너,P,L,G,T,PLGT,"이 제품은 지속력이 좋고, 얇고 깔끔하게 그려지며, 끝부분을 강조하는 데 적합하다는 평이 많습니다.",https://www.oliveyoung.co.kr/store/goods/getGoodsDetail.do?goodsNo=B000000146423&dispCatNo=1000001000200070002&t_page=카테고리관&t_click=아이라이너_전체__상품상세&t_number=120
A000000168992,메이블린뉴욕 하이퍼 샤프 펜 아이라이너 5colors(초슬림 0.01mm),메이블린뉴욕 하이퍼 샤프 펜 아이라이너,N,S,P,E,NSPE,이 제품은 자연스러운 발색과 번짐 없는 지속력에 대한 평이 많습니다.,https://www.oliveyoung.co.kr/store/goods/getGoodsDetail.do?goodsNo=A000000168992&dispCatNo=1000001000200070002&t_page=카테고리관&t_click=아이라이너_전체__상품상세&t_number=121
A000000005351,[1+1] 키스미 스무스 리퀴드 아이라이너 N 3종 1+1 한정기획,키스미 스무스 리퀴드 아이라이너,N,S,B,E,NSBE,이 제품은 자연스럽고 번지지 않는다는 평이 많습니다.,https://www.oliveyoung.co.kr/store/goods/getGoodsDetail.do?goodsNo=A000000005351&dispCatNo=1000001000200070002&t_page=카테고리관&t_click=아이라이너_전체__상품상세&t_number=122
A000000008791,메이블린뉴욕 래스팅 드라마 젤라이너[블랙/브라운],메이블린뉴욕 래스팅 드라마 젤라이너,N,S,G,F,NSGF,이 제품은 자연스럽고 번짐이 적다는 평이 많습니다.,https://www.oliveyoung.co.kr/store/goods/getGoodsDetail.do?goodsNo=A000000008791&dispCatNo=1000001000200070002&t_page=카테고리관&t_click=아이라이너_전체__상품상세&t_number=123
A000000009521,[가성비 라이너] 키스미 히로인메이크 스무스 리퀴드 아이라이너 P,키스미 히로인메이크 스무스 리퀴드 아이라이너,P,S,P,T,PSPT,이 제품은 꼬리를 얇고 선명하게 그릴 수 있다는 평이 많습니다.,https://www.oliveyoung.co.kr/store/goods/getGoodsDetail.do?goodsNo=A000000009521&dispCatNo=1000001000200070002&t_page=카테고리관&t_click=아이라이너_전체__상품상세&t_number=124
A000000187355,프로에잇 스테이 온 젤 아이라이너 4colors,프로에잇 스테이 온 젤 아이라이너,N,L,B,F,NLBF,이 제품은 자연스러운 효과와 긴 지속력을 강조하는 평이 많습니다.,https://www.oliveyoung.co.kr/store/goods/getGoodsDetail.do?goodsNo=A000000187355&dispCatNo=1000001000200070002&t_page=카테고리관&t_click=아이라이너_전체__상품상세&t_number=125
A000000187360,프로에잇 스테이 온 젤 아이라이너+듀얼 아이라이너 브러쉬 기획세트,프로에잇 스테이 온 젤 아이라이너,D,L,G,E,DLGE,"이 제품은 지속력이 좋고 정교하게 그려지는 평이 많습니다. 사용이 다소 어려울 수 있지만, 익숙해지면 점막과 아이라인을 깔끔하게 채울 수 있는 제품으로 평가받고 있습니다. 번짐이 있다는 리뷰도 있지만, 대체로 지속력과 정교함에서 긍정적인 반응을 얻고 있습니다.",https://www.oliveyoung.co.kr/store/goods/getGoodsDetail.do?goodsNo=A000000187360&dispCatNo=1000001000200070002&t_page=카테고리관&t_click=아이라이너_전체__상품상세&t_number=126
A000000187378,프로에잇 스테이 온 젤 아이라이너 (단품/기획),프로에잇 스테이 온 젤 아이라이너,N,L,G,F,NLGF,"이 제품은 자연스럽고 지속력이 좋다는 평이 많습니다. 젤 타입으로 사용이 다소 어려울 수 있지만, 다양한 부위에 유연하게 사용할 수 있습니다.",https://www.oliveyoung.co.kr/store/goods/getGoodsDetail.do?goodsNo=A000000187378&dispCatNo=1000001000200070002&t_page=카테고리관&t_click=아이라이너_전체__상품상세&t_number=127
A000000191867,홀리카홀리카 무드래스팅 브러쉬 라이너 ,홀리카홀리카 무드래스팅 브러쉬 라이너,N,S,P,F,NSPF,이 제품은 자연스럽고 번짐이 없다는 평이 많습니다.,https://www.oliveyoung.co.kr/store/goods/getGoodsDetail.do?goodsNo=A000000191867&dispCatNo=1000001000200070002&t_page=카테고리관&t_click=아이라이너_전체__상품상세&t_number=128
